Abel Maclead	37275 St  Rt 17m M, Middle Island, Suffolk, NY	631-335-3414	amaclead@gmail.com	http://www.rangoniofflorence.com
Adelina Nabours	80 Pittsford Victor Rd #9, Cleveland, Cuyahoga, OH	216-230-4892	adelina_nabours@gmail.com	http://www.courtyardbymarriott.com
Adell Lipkin	65 Mountain View Dr, Whippany, Morris, NJ	973-654-1561	adell.lipkin@lipkin.com	http://www.systemsgraphincabdickdlr.com
Ahmed Angalich	2 W Beverly Blvd, Harrisburg, Dauphin, PA	717-528-8996	ahmed.angalich@angalich.com	http://www.reeseplastics.com
Aja Gehrett	993 Washington Ave, Nutley, Essex, NJ	973-544-2677	aja_gehrett@hotmail.com	http://www.sterocompany.com
Alaine Bergesen	7667 S Hulen St #42, Yonkers, Westchester, NY	914-300-9193	alaine_bergesen@cox.net	http://www.hispanicmagazine.com
Albina Glick	4 Ralph Ct, Dunellen, Middlesex, NJ	732-924-7882	albina@glick.com	http://www.giampetroanthonyd.com
Alease Buemi	4 Webbs Chapel Rd, Boulder, Boulder, CO	303-301-4946	alease@buemi.com	http://www.portocayoathawkscay.com
Alecia Bubash	6535 Joyce St, Wichita Falls, Wichita, TX	940-276-7922	alecia@aol.com	http://www.petersenjameseesq.com
Alesia Hixenbaugh	9 Front St, Washington, District of Columbia, DC	202-646-7516	alesia_hixenbaugh@hixenbaugh.org	http://www.kwikprint.com
Alex Loader	37 N Elm St #916, Tacoma, Pierce, WA	253-660-7821	alex@loader.com	http://www.sublettscottesq.com
Alisha Slusarski	3273 State St, Middlesex, Middlesex, NJ	732-658-3154	alisha@slusarski.com	http://www.wtlzpowerfm.com
Alishia Sergi	2742 Distribution Way, New York, New York, NY	212-860-1579	asergi@gmail.com	http://www.milfordenterprisesinc.com
Aliza Baltimore	1128 Delaware St, San Jose, Santa Clara, CA	408-504-3552	aliza@aol.com	http://www.andrewsjrobertesq.com
Allene Iturbide	1 Central Ave, Stevens Point, Portage, WI	715-662-6764	allene_iturbide@cox.net	http://www.ledeckydavidesq.com
Alline Jeanty	55713 Lake City Hwy, South Bend, St Joseph, IN	574-656-2800	ajeanty@gmail.com	http://www.wwjohnholdeninc.com
Alpha Palaia	43496 Commercial Dr #29, Cherry Hill, Camden, NJ	856-312-2629	alpha@yahoo.com	http://www.stofferjamesmjr.com
Alyce Arias	3196 S Rider Trl, Stockton, San Joaquin, CA	209-317-1801	alyce@arias.org	http://www.fairbanksscales.com
Amber Monarrez	14288 Foster Ave #4121, Jenkintown, Montgomery, PA	215-934-8655	amber_monarrez@monarrez.org	http://www.branfordwiremfgco.com
Amie Perigo	596 Santa Maria Ave #7913, Mesquite, Dallas, TX	972-419-7946	amie.perigo@yahoo.com	http://www.generalfoamcorporation.com
Ammie Corrio	74874 Atlantic Ave, Columbus, Franklin, OH	614-801-9788	ammie@corrio.com	http://www.moskowitzbarrys.com
An Fritz	506 S Hacienda Dr, Atlantic City, Atlantic, NJ	609-228-5265	an_fritz@hotmail.com	http://www.linguisticsystemsinc.com
Andra Scheyer	9 Church St, Salem, Marion, OR	503-516-2189	andra@gmail.com	http://www.ludckegeorgeoesq.com
Angella Cetta	185 Blackstone Bldge, Honolulu, Honolulu, HI	808-892-7943	angella.cetta@hotmail.com	http://www.benderhatleypc.com
Annabelle Boord	523 Marquette Ave, Concord, Middlesex, MA	978-697-6263	annabelle.boord@cox.net	http://www.cornpopper.com
Annelle Tagala	5 W 7th St, Parkville, Baltimore, MD	410-757-1035	annelle@yahoo.com	http://www.vicoproductsmfgco.com
Annmarie Castros	80312 W 32nd St, Conroe, Montgomery, TX	936-751-7961	annmarie_castros@gmail.com	http://www.tipiakinc.com
Antione Onofrio	4 S Washington Ave, San Bernardino, San Bernardino, CA	909-430-7765	aonofrio@onofrio.com	http://www.jacobsgerberinc.com
Arlene Klusman	3 Secor Rd, New Orleans, Orleans, LA	504-710-5840	arlene_klusman@gmail.com	http://www.beckhorizonbuilders.com
Arlette Honeywell	11279 Loytan St, Jacksonville, Duval, FL	904-775-4480	ahoneywell@honeywell.com	http://www.smcinc.com
Arminda Parvis	1 Huntwood Ave, Phoenix, Maricopa, AZ	602-906-9419	arminda@parvis.com	http://www.newtecinc.com
Art Venere	8 W Cerritos Ave #54, Bridgeport, Gloucester, NJ	856-636-8749	art@venere.org	http://www.chemeljameslcpa.com
Arthur Farrow	28 S 7th St #2824, Englewood, Bergen, NJ	201-238-5688	arthur.farrow@yahoo.com	http://www.youngtimothylesq.com
Ashlyn Pinilla	703 Beville Rd, Opa Locka, Miami-Dade, FL	305-670-9628	apinilla@cox.net	http://www.artcrafters.com
Audra Kohnert	134 Lewis Rd, Nashville, Davidson, TN	615-406-7854	audra@kohnert.com	http://www.nelsonkarolynkingesq.com
Audry Yaw	70295 Pioneer Ct, Brandon, Hillsborough, FL	813-797-4816	audry.yaw@yaw.org	http://www.mikeuchrinhtgaircondinc.com
Avery Steier	93 Redmond Rd #492, Orlando, Orange, FL	407-808-9439	avery@cox.net	http://www.dilldillcarrstonbrakerpc.com
Barbra Adkin	4 Kohler Memorial Dr, Brooklyn, Kings, NY	718-201-3751	badkin@hotmail.com	http://www.binswanger.com
Barrett Toyama	4252 N Washington Ave #9, Kennedale, Tarrant, TX	817-765-5781	barrett.toyama@toyama.org	http://www.casefoundationco.com
Beatriz Corrington	481 W Lemon St, Middleboro, Plymouth, MA	508-584-4279	beatriz@yahoo.com	http://www.prohabrehabilitationservs.com
Beckie Silvestrini	7116 Western Ave, Dearborn, Wayne, MI	313-533-4884	beckie.silvestrini@silvestrini.com	http://www.aallamericantravelinc.com
Becky Mirafuentes	30553 Washington Rd, Plainfield, Union, NJ	908-877-8409	becky.mirafuentes@mirafuentes.com	http://www.wellskravitzschnitzer.com
Belen Strassner	5384 Southwyck Blvd, Douglasville, Douglas, GA	770-507-8791	belen_strassner@aol.com	http://www.eaglesoftwareinc.com
Benedict Sama	4923 Carey Ave, Saint Louis, Saint Louis City, MO	314-787-1588	bsama@cox.net	http://www.alexanderalexanderinc.com
Benton Skursky	47939 Porter Ave, Gardena, Los Angeles, CA	310-579-2907	benton.skursky@aol.com	http://www.nerconengineeringmfginc.com
Bernardine Rodefer	2 W Grand Ave, Memphis, Shelby, TN	901-901-4726	bernardine_rodefer@yahoo.com	http://www.satpolyinc.com
Bernardo Figeroa	386 9th Ave N, Conroe, Montgomery, TX	936-336-3951	bfigeroa@aol.com	http://www.clarkrichardcpa.com
Bette Nicka	6 S 33rd St, Aston, Delaware, PA	610-545-3615	bette_nicka@cox.net	http://www.sportenart.com
Billye Miro	36 Lancaster Dr Se, Pearl, Rankin, MS	601-567-5386	billye_miro@cox.net	http://www.grayfrancinehesq.com
Blair Malet	209 Decker Dr, Philadelphia, Philadelphia, PA	215-907-9111	bmalet@yahoo.com	http://www.bollingermachshpshipyard.com
Blondell Pugh	201 Hawk Ct, Providence, Providence, RI	401-960-8259	bpugh@aol.com	http://www.alpenliteinc.com
Bobbye Rhym	30 W 80th St #1995, San Carlos, San Mateo, CA	650-528-5783	brhym@rhym.com	http://www.smitspatriciagarity.com
Bok Isaacs	6 Gilson St, Bronx, Bronx, NY	718-809-3762	bok.isaacs@aol.com	http://www.nelsonhawaiianltd.com
Brandon Callaro	7 Benton Dr, Honolulu, Honolulu, HI	808-215-6832	brandon_callaro@hotmail.com	http://www.jacksonshieldsyeiser.com
Brett Mccullan	87895 Concord Rd, La Mesa, San Diego, CA	619-461-9984	brett.mccullan@mccullan.com	http://www.fivestarlimousinesoftxinc.com
Britt Galam	2500 Pringle Rd Se #508, Hatfield, Montgomery, PA	215-888-3304	britt@galam.org	http://www.wheatleytruckingcompany.com
Brittni Gillaspie	67 Rv Cent, Boise, Ada, ID	208-709-1235	bgillaspie@gillaspie.com	http://www.innerlabel.com
Brock Bolognia	4486 W O St #1, New York, New York, NY	212-402-9216	bbolognia@yahoo.com	http://www.orindanews.com
Buddy Cloney	944 Gaither Dr, Strongsville, Cuyahoga, OH	440-989-5826	buddy.cloney@yahoo.com	http://www.larkfieldphoto.com
Bulah Padilla	8927 Vandever Ave, Waco, McLennan, TX	254-463-4368	bulah_padilla@hotmail.com	http://www.admiralpartyrentalssales.com
Caitlin Julia	5 Williams St, Johnston, Providence, RI	401-948-4982	caitlin.julia@julia.org	http://www.heldermanseymourcpa.com
Cammy Albares	56 E Morehead St, Laredo, Webb, TX	956-537-6195	calbares@gmail.com	http://www.rousseauxmichaelesq.com
Candida Corbley	406 Main St, Somerville, Somerset, NJ	908-275-8357	candida_corbley@hotmail.com	http://www.coltsneckmedicalassocsinc.com
Caprice Suell	90177 N 55th Ave, Nashville, Davidson, TN	615-246-1824	caprice@aol.com	http://www.egnorwdanesq.com
Carey Dopico	87393 E Highland Rd, Indianapolis, Marion, IN	317-578-2453	carey_dopico@dopico.org	http://www.garofanijohnesq.com
Carin Deleo	1844 Southern Blvd, Little Rock, Pulaski, AR	501-308-1040	cdeleo@deleo.com	http://www.redekerdebbie.com
Carissa Batman	12270 Caton Center Dr, Eugene, Lane, OR	541-326-4074	carissa.batman@yahoo.com	http://www.polettokimdavidesq.com
Carlee Boulter	8284 Hart St, Abilene, Dickinson, KS	785-347-1805	carlee.boulter@hotmail.com	http://www.tippetttroymii.com
Carma Vanheusen	68556 Central Hwy, San Leandro, Alameda, CA	510-503-7169	carma@cox.net	http://www.springfielddivohedisonco.com
Carmela Cookey	9 Murfreesboro Rd, Chicago, Cook, IL	773-494-4195	ccookey@cookey.org	http://www.royalpontiacoldsinc.com
Carmelina Lindall	2664 Lewis Rd, Littleton, Douglas, CO	303-724-7371	carmelina_lindall@lindall.com	http://www.georgejessopcarterjewelers.com
Carmen Sweigard	61304 N French Rd, Somerset, Somerset, NJ	732-941-2621	csweigard@sweigard.com	http://www.mauiresearchtechnologypk.com
Casie Good	5221 Bear Valley Rd, Nashville, Davidson, TN	615-390-2251	casie.good@aol.com	http://www.papaydebbiejesq.com
Cassi Wildfong	26849 Jefferson Hwy, Rolling Meadows, Cook, IL	847-633-3216	cassi.wildfong@aol.com	http://www.cobbjamesoesq.com
Catalina Tillotson	3338 A Lockport Pl #6, Margate City, Atlantic, NJ	609-373-3332	catalina@hotmail.com	http://www.icnpharmaceuticalsinc.com
Catarina Gleich	78 Maryland Dr #146, Denville, Morris, NJ	973-210-3994	catarina_gleich@hotmail.com	http://www.terkroberteesq.com
Cathrine Pontoriero	812 S Haven St, Amarillo, Randall, TX	806-703-1435	cathrine.pontoriero@pontoriero.com	http://www.businesssystemsofwisinc.com
Cecil Lapage	4 Stovall St #72, Union City, Hudson, NJ	201-693-3967	clapage@lapage.com	http://www.hawkesdouglasd.com
Cecilia Colaizzo	4 Nw 12th St #3849, Madison, Dane, WI	608-382-4541	cecilia_colaizzo@colaizzo.com	http://www.switchcraftinc.com
Cecily Hollack	59 N Groesbeck Hwy, Austin, Travis, TX	512-486-3817	cecily@hollack.org	http://www.arthuraoliversoninc.com
Celeste Korando	7 W Pinhook Rd, Lynbrook, Nassau, NY	516-509-2347	ckorando@hotmail.com	http://www.americanartsgraphics.com
Ceola Setter	96263 Greenwood Pl, Warren, Knox, ME	207-627-7565	ceola.setter@setter.org	http://www.southernsteelshelvingco.com
Chanel Caudy	86 Nw 66th St #8673, Shawnee, Johnson, KS	913-388-2079	chanel.caudy@caudy.org	http://www.professionalimageinc.com
Chantell Maynerich	2023 Greg St, Saint Paul, Ramsey, MN	651-591-2583	chantell@yahoo.com	http://www.desertsandsmotel.com
Charlene Hamilton	985 E 6th Ave, Santa Rosa, Sonoma, CA	707-300-1771	charlene.hamilton@hotmail.com	http://www.oshinsgibbons.com
Chau Kitzman	429 Tiger Ln, Beverly Hills, Los Angeles, CA	310-560-8022	chau@gmail.com	http://www.benoffedwardesq.com
Chauncey Motley	63 E Aurora Dr, Orlando, Orange, FL	407-413-4842	chauncey_motley@aol.com	http://www.affiliatedwithtravelodge.com
Chaya Malvin	560 Civic Center Dr, Ann Arbor, Washtenaw, MI	734-928-5182	chaya@malvin.com	http://www.dunnellsduvall.com
Cherry Lietz	40 9th Ave Sw #91, Waterford, Oakland, MI	248-980-6904	cherry@lietz.com	http://www.sebringco.com
Cheryl Haroldson	92 Main St, Atlantic City, Atlantic, NJ	609-518-7697	cheryl@haroldson.org	http://www.newyorklifejohnthune.com
Christiane Eschberger	96541 W Central Blvd, Phoenix, Maricopa, AZ	602-390-4944	christiane.eschberger@yahoo.com	http://www.cascoservicesinc.com
Ciara Ventura	53 W Carey St, Port Jervis, Orange, NY	845-823-8877	cventura@yahoo.com	http://www.johnsonrobertmesq.com
Claribel Varriano	6 Harry L Dr #6327, Perrysburg, Wood, OH	419-544-4900	claribel_varriano@cox.net	http://www.meca.com
Clay Hoa	73 Saint Ann St #86, Reno, Washoe, NV	775-501-8109	choa@hoa.org	http://www.scatenterprises.com
Clorinda Heimann	105 Richmond Valley Rd, Escondido, San Diego, CA	760-291-5497	clorinda.heimann@hotmail.com	http://www.haugheycharlesjr.com
Colette Kardas	21575 S Apple Creek Rd, Omaha, Douglas, NE	402-896-5943	colette.kardas@yahoo.com	http://www.fresnotilecenterinc.com
Cordelia Storment	393 Hammond Dr, Lafayette, Lafayette, LA	337-566-6001	cordelia_storment@aol.com	http://www.burrowsjonhesq.com
Corinne Loder	4 Carroll St, North Attleboro, Bristol, MA	508-942-4186	corinne@loder.org	http://www.localoffice.com
Cory Gibes	83649 W Belmont Ave, San Gabriel, Los Angeles, CA	626-572-1096	cory.gibes@gmail.com	http://www.chinesetranslationresources.com
Cristal Samara	4119 Metropolitan Dr, Los Angeles, Los Angeles, CA	213-975-8026	cristal@cox.net	http://www.intermedinc.com
Cristy Lother	3989 Portage Tr, Escondido, San Diego, CA	760-971-4322	cristy@lother.com	http://www.kleensteel.com
Cyndy Goldammer	170 Wyoming Ave, Burnsville, Dakota, MN	952-334-9408	cgoldammer@cox.net	http://www.dicristinajson.com
Cyril Daufeldt	3 Lawton St, New York, New York, NY	212-745-8484	cyril_daufeldt@daufeldt.com	http://www.galaxyinternationalinc.com
Dalene Riden	66552 Malone Rd, Plaistow, Rockingham, NH	603-315-6839	dalene.riden@aol.com	http://www.silvermanplanetarium.com
Dalene Schoeneck	910 Rahway Ave, Philadelphia, Philadelphia, PA	215-268-1275	dalene@schoeneck.org	http://www.sameshimadouglasjesq.com
Danica Bruschke	840 15th Ave, Waco, McLennan, TX	254-782-8569	danica_bruschke@gmail.com	http://www.stevenscharlest.com
Daniel Perruzza	11360 S Halsted St, Santa Ana, Orange, CA	714-771-3880	dperruzza@perruzza.com	http://www.gershdanielson.com
Daniela Comnick	7 Flowers Rd #403, Trenton, Mercer, NJ	609-200-8577	dcomnick@cox.net	http://www.watersewerdepartment.com
Daren Weirather	9 N College Ave #3, Milwaukee, Milwaukee, WI	414-959-2540	dweirather@aol.com	http://www.panasystems.com
Daron Dinos	18 Waterloo Geneva Rd, Highland Park, Lake, IL	847-233-3075	daron_dinos@cox.net	http://www.wolfwarrenresq.com
Dean Ketelsen	2 Flynn Rd, Hicksville, Nassau, NY	516-847-4418	dean_ketelsen@gmail.com	http://www.jmcustomdesignmillwork.com
Deandrea Hughey	33 Lewis Rd #46, Burlington, Alamance, NC	336-822-7652	deandrea@yahoo.com	http://www.centurykrallrealestate.com
Deeanna Juhas	14302 Pennsylvania Ave, Huntingdon Valley, Montgomery, PA	215-211-9589	deeanna_juhas@gmail.com	http://www.healygeorgewiv.com
Delisa Crupi	47565 W Grand Ave, Newark, Essex, NJ	973-354-2040	delisa.crupi@crupi.com	http://www.woodwhitacrecontractors.com
Delmy Ahle	65895 S 16th St, Providence, Providence, RI	401-458-2547	delmy.ahle@hotmail.com	http://www.wyetechnologiesinc.com
Denise Patak	2139 Santa Rosa Ave, Orlando, Orange, FL	407-446-4358	denise@patak.org	http://www.spencelawoffices.com
Deonna Kippley	57 Haven Ave #90, Southfield, Oakland, MI	248-913-4677	deonna_kippley@hotmail.com	http://www.midasmufflershops.com
Derick Dhamer	87163 N Main Ave, New York, New York, NY	212-304-4515	ddhamer@cox.net	http://www.studereugeneaesq.com
Detra Coyier	96950 Hidden Ln, Aberdeen, Harford, MD	410-739-9277	detra@aol.com	http://www.schottfiberopticsinc.com
Devora Perez	72868 Blackington Ave, Oakland, Alameda, CA	510-955-3016	devora_perez@perez.org	http://www.descoequipmentcorp.com
Devorah Chickering	31 Douglas Blvd #950, Clovis, Curry, NM	505-975-8559	devorah@hotmail.com	http://www.garrisonind.com
Diane Devreese	1953 Telegraph Rd, Saint Joseph, Buchanan, MO	816-557-9673	diane@cox.net	http://www.acmesupplyco.com
Dick Wenzinger	22 Spruce St #595, Gardena, Los Angeles, CA	310-510-9713	dick@yahoo.com	http://www.wheatonplasticproducts.com
Dierdre Yum	63381 Jenks Ave, Philadelphia, Philadelphia, PA	215-325-3042	dyum@yahoo.com	http://www.cumminssouthernplainsinc.com
Dominque Dickerson	69 Marquette Ave, Hayward, Alameda, CA	510-993-3758	dominque.dickerson@dickerson.org	http://www.eaielectronicassocsinc.com
Donette Foller	34 Center St, Hamilton, Butler, OH	513-570-1893	donette.foller@cox.net	http://www.printingdimensions.com
Donte Kines	3 Aspen St, Worcester, Worcester, MA	508-429-8576	dkines@hotmail.com	http://www.wtcindustriesinc.com
Dorothy Chesterfield	469 Outwater Ln, San Diego, San Diego, CA	858-617-7834	dorothy@cox.net	http://www.cowankelly.com
Dorthy Hidvegi	9635 S Main St, Boise, Ada, ID	208-649-2373	dhidvegi@yahoo.com	http://www.kwikkopyprinting.com
Dottie Hellickson	67 E Chestnut Hill Rd, Seattle, King, WA	206-540-6076	dottie@hellickson.org	http://www.thompsonfabricatingco.com
Dulce Labreche	9581 E Arapahoe Rd, Rochester, Oakland, MI	248-357-8718	dulce_labreche@yahoo.com	http://www.leekilkellypaulsonkabaker.com
Dyan Oldroyd	7219 Woodfield Rd, Overland Park, Johnson, KS	913-413-4604	doldroyd@aol.com	http://www.internationaleyeletsinc.com
Earleen Mai	75684 S Withlapopka Dr #32, Dallas, Dallas, TX	214-289-1973	earleen_mai@cox.net	http://www.littlesheetmetalco.com
Eden Jayson	4 Iwaena St, Baltimore, Baltimore City, MD	410-890-7866	eden_jayson@yahoo.com	http://www.harriscorporation.com
Edna Miceli	555 Main St, Erie, Erie, PA	814-460-2655	emiceli@miceli.org	http://www.sampler.com
Eladia Saulter	3958 S Dupont Hwy #7, Ramsey, Bergen, NJ	201-474-4924	eladia@saulter.com	http://www.tyeeproductionsinc.com
Elke Sengbusch	9 W Central Ave, Phoenix, Maricopa, AZ	602-896-2993	elke_sengbusch@yahoo.com	http://www.rileyriperhollincolagreco.com
Elli Mclaird	6 Sunrise Ave, Utica, Oneida, NY	315-818-2638	emclaird@mclaird.com	http://www.sportmasterintrnatl.com
Elly Morocco	7 W 32nd St, Erie, Erie, PA	814-393-5571	elly_morocco@gmail.com	http://www.killionindustries.com
Elouise Gwalthney	9506 Edgemore Ave, Bladensburg, Prince Georges, MD	301-841-5012	egwalthney@yahoo.com	http://www.qualityinnnorthwest.com
Elvera Benimadho	99385 Charity St #840, San Jose, Santa Clara, CA	408-703-8505	elvera.benimadho@cox.net	http://www.treemusketeers.com
Elza Lipke	6794 Lake Dr E, Newark, Essex, NJ	973-927-3447	elza@yahoo.com	http://www.museumofscienceindustry.com
Emerson Bowley	762 S Main St, Madison, Dane, WI	608-336-7444	emerson.bowley@bowley.org	http://www.knightsinn.com
Erick Ferencz	20 S Babcock St, Fairbanks, Fairbanks North Star, AK	907-741-1044	erick.ferencz@aol.com	http://www.cindyturnerassociates.com
Erick Nievas	45 E Acacia Ct, Chicago, Cook, IL	773-704-9903	erick_nievas@aol.com	http://www.sowardanneesq.com
Erinn Canlas	13 S Hacienda Dr, Livingston, Essex, NJ	973-767-3008	erinn.canlas@canlas.com	http://www.anchorcomputerinc.com
Ernest Syrop	94 Chase Rd, Hyattsville, Prince Georges, MD	301-998-9644	ernest@cox.net	http://www.grantfamilyhealthcenter.com
Ernie Stenseth	45 E Liberty St, Ridgefield Park, Bergen, NJ	201-709-6245	ernie_stenseth@aol.com	http://www.knwznewsradio.com
Estrella Samu	64 Lakeview Ave, Beloit, Rock, WI	608-976-7199	estrella@aol.com	http://www.markingdevicespubgco.com
Ettie Hoopengardner	39 Franklin Ave, Richland, Benton, WA	509-755-5393	ettie.hoopengardner@hotmail.com	http://www.jacksonmillworkco.com
Eun Coody	84 Bloomfield Ave, Spartanburg, Spartanburg, SC	864-256-3620	eun@yahoo.com	http://www.raycarolynerealty.com
Evangelina Radde	992 Civic Center Dr, Philadelphia, Philadelphia, PA	215-964-3284	evangelina@aol.com	http://www.campbelljanesq.com
Ezekiel Chui	2 Cedar Ave #84, Easton, Talbot, MD	410-669-1642	ezekiel@chui.com	http://www.siderdonaldcesq.com
Fabiola Hauenstein	8573 Lincoln Blvd, York, York, PA	717-809-3119	fabiola.hauenstein@hauenstein.org	http://www.sidewinderproductscorp.com
Fannie Lungren	17 Us Highway 111, Round Rock, Williamson, TX	512-587-5746	fannie.lungren@yahoo.com	http://www.centroinc.com
Fatima Saylors	2 Lighthouse Ave, Hopkins, Hennepin, MN	952-768-2416	fsaylors@saylors.org	http://www.stantonjamesdesq.com
Fausto Agramonte	5 Harrison Rd, New York, New York, NY	212-313-1783	fausto_agramonte@yahoo.com	http://www.marriotthotelsresortssuites.com
Felicidad Poullion	9939 N 14th St, Riverton, Burlington, NJ	856-305-9731	fpoullion@poullion.com	http://www.mccorkletomsesq.com
Felix Hirpara	7563 Cornwall Rd #4462, Denver, Lancaster, PA	717-491-5643	felix_hirpara@cox.net	http://www.americanspeedyprintingctrs.com
Fernanda Jillson	60480 Old Us Highway 51, Preston, Caroline, MD	410-387-5260	fjillson@aol.com	http://www.shankedwardlesq.com
Filiberto Tawil	3882 W Congress St #799, Los Angeles, Los Angeles, CA	323-765-2528	ftawil@hotmail.com	http://www.flashelenasalernoesq.com
Fletcher Flosi	394 Manchester Blvd, Rockford, Winnebago, IL	815-828-2147	fletcher.flosi@yahoo.com	http://www.postboxservicesplus.com
Flo Bookamer	89992 E 15th St, Alliance, Box Butte, NE	308-726-2182	flo.bookamer@cox.net	http://www.simontonhoweschneiderpc.com
France Buzick	64 Newman Springs Rd E, Brooklyn, Kings, NY	718-478-8504	france.buzick@yahoo.com	http://www.intravelagency.com
Francine Vocelka	366 South Dr, Las Cruces, Dona Ana, NM	505-977-3911	francine_vocelka@vocelka.com	http://www.cascaderealtyadvisorsinc.com
Franklyn Emard	4379 Highway 116, Philadelphia, Philadelphia, PA	215-558-8189	femard@emard.com	http://www.olympicgraphicarts.com
Frederica Blunk	99586 Main St, Dallas, Dallas, TX	214-428-2285	frederica_blunk@gmail.com	http://www.jetscybernetics.com
Freeman Gochal	383 Gunderman Rd #197, Coatesville, Chester, PA	610-476-3501	freeman_gochal@aol.com	http://www.kellermannwilliamtesq.com
Gail Kitty	735 Crawford Dr, Anchorage, Anchorage, AK	907-435-9166	gail@kitty.com	http://www.servicesupplycoinc.com
Gail Similton	62 Monroe St, Thousand Palms, Riverside, CA	760-616-5388	gail_similton@similton.com	http://www.johnsonwesesq.com
Galen Cantres	617 Nw 36th Ave, Brook Park, Cuyahoga, OH	216-600-6111	galen@yahoo.com	http://www.delcharroapartments.com
Garry Keetch	5 Green Pond Rd #4, Southampton, Bucks, PA	215-979-8776	garry_keetch@hotmail.com	http://www.italianexpressfranchisecorp.com
Gary Nunlee	2 W Mount Royal Ave, Fortville, Hancock, IN	317-542-6023	gary_nunlee@nunlee.org	http://www.irvingfootcenter.com
Gayla Schnitzler	38 Pleasant Hill Rd, Hayward, Alameda, CA	510-686-3407	gschnitzler@gmail.com	http://www.sigmacorpofamerica.com
Gearldine Gellinger	4 Bloomfield Ave, Irving, Dallas, TX	972-934-6914	gearldine_gellinger@gellinger.com	http://www.megibowedwards.com
Geoffrey Acey	7 West Ave #1, Palatine, Cook, IL	847-222-1734	geoffrey@gmail.com	http://www.pricebusinessservices.com
Georgene Montezuma	98 University Dr, San Ramon, Contra Costa, CA	925-615-5185	gmontezuma@cox.net	http://www.paynebladeswellbornpa.com
Gertude Witten	7 Tarrytown Rd, Cincinnati, Hamilton, OH	513-977-7043	gertude.witten@gmail.com	http://www.thompsonjohnrandolphjr.com
Gilma Liukko	16452 Greenwich St, Garden City, Nassau, NY	516-393-9967	gilma_liukko@gmail.com	http://www.sammyssteakden.com
Gladys Rim	322 New Horizon Blvd, Milwaukee, Milwaukee, WI	414-661-9598	gladys.rim@rim.org	http://www.tmbyxbeecompanypc.com
Glen Bartolet	8739 Hudson St, Vashon, King, WA	206-697-5796	glen_bartolet@hotmail.com	http://www.metlabtestingservices.com
Glendora Sarbacher	2140 Diamond Blvd, Rohnert Park, Sonoma, CA	707-653-8214	gsarbacher@gmail.com	http://www.defurvoranhanleyradcliff.com
Glenn Berray	29 Cherry St #7073, Des Moines, Polk, IA	515-370-7348	gberray@gmail.com	http://www.griswoldjohneesq.com
Glenna Slayton	2759 Livingston Ave, Memphis, Shelby, TN	901-640-9178	glenna_slayton@cox.net	http://www.toledoivcare.com
Glory Kulzer	55892 Jacksonville Rd, Owings Mills, Baltimore, MD	410-224-9462	gkulzer@kulzer.org	http://www.comfortinn.com
Glory Schieler	5 E Truman Rd, Abilene, Taylor, TX	325-869-2649	glory@yahoo.com	http://www.mcgrathsseafood.com
Golda Kaniecki	6201 S Nevada Ave, Toms River, Ocean, NJ	732-628-9909	golda_kaniecki@yahoo.com	http://www.calaverasprospect.com
Goldie Schirpke	34 Saint George Ave #2, Bangor, Penobscot, ME	207-295-7569	goldie.schirpke@yahoo.com	http://www.reuterarthurcjr.com
Gracia Melnyk	97 Airport Loop Dr, Jacksonville, Duval, FL	904-235-3633	gracia@melnyk.com	http://www.juvenileadultsuper.com
Graciela Ruta	98 Connecticut Ave Nw, Chagrin Falls, Geauga, OH	440-780-8425	gruta@cox.net	http://www.buckleymillerwright.com
Gregoria Pawlowicz	455 N Main Ave, Garden City, Nassau, NY	516-212-1915	gpawlowicz@yahoo.com	http://www.ohmygoodknitsinc.com
Gwenn Suffield	3270 Dequindre Rd, Deer Park, Suffolk, NY	631-258-6558	gwenn_suffield@suffield.org	http://www.deltamsystemsinc.com
Harrison Haufler	759 Eldora St, New Haven, New Haven, CT	203-801-6193	hhaufler@hotmail.com	http://www.johnwagnerassociates.com
Haydee Denooyer	25346 New Rd, New York, New York, NY	212-792-8658	hdenooyer@denooyer.org	http://www.cleaningstationinc.com
Heike Berganza	3 Railway Ave #75, Little Falls, Passaic, NJ	973-936-5095	heike@gmail.com	http://www.calisportswearcuttingdept.com
Helaine Halter	8 Sheridan Rd, Jersey City, Hudson, NJ	201-832-4168	hhalter@yahoo.com	http://www.lippittmike.com
Helene Rodenberger	347 Chestnut St, Peoria, Maricopa, AZ	623-461-8551	helene@aol.com	http://www.baileytransportationprodinc.com
Helga Fredicks	42754 S Ash Ave, Buffalo, Erie, NY	716-752-4114	helga_fredicks@yahoo.com	http://www.eisenvironmentalengrsinc.com
Herman Demesa	9 Norristown Rd, Troy, Rensselaer, NY	518-497-2940	hdemesa@cox.net	http://www.merlinelectricco.com
Hermila Thyberg	1 Rancho Del Mar Shopping C, Providence, Providence, RI	401-893-4882	hermila_thyberg@hotmail.com	http://www.chiltonmaltingco.com
Herminia Nicolozakes	4 58th St #3519, Scottsdale, Maricopa, AZ	602-954-5141	herminia@nicolozakes.org	http://www.seaislanddivoffstrindinc.com
Hillary Skulski	9 Wales Rd Ne #914, Homosassa, Citrus, FL	352-242-2570	hillary.skulski@aol.com	http://www.replicai.com
Hoa Sarao	27846 Lafayette Ave, Oak Hill, Volusia, FL	386-526-7800	hoa@sarao.org	http://www.kaplanjoelsesq.com
Howard Paulas	866 34th Ave, Denver, Denver, CO	303-623-4241	hpaulas@gmail.com	http://www.asendorfjalanesq.com
Hubert Walthall	95 Main Ave #2, Barberton, Summit, OH	330-903-1345	hubert@walthall.org	http://www.deedeanna.com
Ilene Eroman	2853 S Central Expy, Glen Burnie, Anne Arundel, MD	410-914-9018	ilene.eroman@hotmail.com	http://www.robinsonwilliamjesq.com
Iluminada Ohms	72 Southern Blvd, Mesa, Maricopa, AZ	480-293-2882	iluminada.ohms@yahoo.com	http://www.nazettemarnergoodwendt.com
Irma Wolfgramm	9745 W Main St, Randolph, Morris, NJ	973-545-7355	irma.wolfgramm@hotmail.com	http://www.serendiquitybedbreakfast.com
Izetta Dewar	2 W Scyene Rd #3, Baltimore, Baltimore City, MD	410-473-1708	idewar@dewar.com	http://www.lisatonijeanesq.com
Izetta Funnell	82 Winsor St #54, Atlanta, Dekalb, GA	770-844-3447	izetta.funnell@hotmail.com	http://www.bairdkurtzdobson.com
Jaclyn Bachman	721 Interstate 45 S, Colorado Springs, El Paso, CO	719-853-3600	jaclyn@aol.com	http://www.judahcasterwheelco.com
Jacqueline Rowling	1 N San Saba, Erie, Erie, PA	814-865-8113	jacqueline.rowling@yahoo.com	http://www.johnhancockmutllifeinsco.com
Jade Farrar	6882 Torresdale Ave, Columbia, Richland, SC	803-352-5387	jade.farrar@yahoo.com	http://www.bonnetdaughter.com
Jamal Vanausdal	53075 Sw 152nd Ter #615, Monroe Township, Middlesex, NJ	732-234-1546	jamal@vanausdal.org	http://www.hubbardbruceesq.com
James Butt	6649 N Blue Gum St, New Orleans, Orleans, LA	504-621-8927	jbutt@gmail.com	http://www.bentonjohnbjr.com
Janey Gabisi	40 Cambridge Ave, Madison, Dane, WI	608-967-7194	jgabisi@hotmail.com	http://www.dobschastephenfesq.com
Jani Biddy	61556 W 20th Ave, Seattle, King, WA	206-711-6498	jbiddy@yahoo.com	http://www.warehouseofficepaperprod.com
Janine Rhoden	92 Broadway, Astoria, Queens, NY	718-228-5894	jrhoden@yahoo.com	http://www.nordicgroupinc.com
Jeanice Claucherty	19 Amboy Ave, Miami, Miami-Dade, FL	305-988-4162	jeanice.claucherty@yahoo.com	http://www.accurelsystemsintrntlcorp.com
Jenelle Regusters	3211 E Northeast Loop, Tampa, Hillsborough, FL	813-932-8715	jregusters@regusters.com	http://www.haavistobrianfesq.com
Jennie Drymon	63728 Poway Rd #1, Scranton, Lackawanna, PA	570-218-4831	jennie@cox.net	http://www.osbornemichellemesq.com
Jennifer Fallick	44 58th St, Wheeling, Cook, IL	847-979-9545	jfallick@yahoo.com	http://www.nagledanieljesq.com
Jerry Dallen	393 Lafayette Ave, Richmond, Richmond City, VA	804-762-9576	jerry.dallen@yahoo.com	http://www.seashoresupplycowaretown.com
Jerry Zurcher	77 Massillon Rd #822, Satellite Beach, Brevard, FL	321-518-5938	jzurcher@zurcher.org	http://www.jflumber.com
Jess Chaffins	18 3rd Ave, New York, New York, NY	212-510-4633	jess.chaffins@chaffins.org	http://www.newyorkpubliclibrary.com
Jesusa Shin	2239 Shawnee Mission Pky, Tullahoma, Coffee, TN	931-273-8709	jshin@shin.com	http://www.carroccioathomasesq.com
Jesusita Flister	3943 N Highland Ave, Lancaster, Lancaster, PA	717-885-9118	jesusita.flister@hotmail.com	http://www.schoenedwardjjr.com
Jettie Mconnell	50 E Wacker Dr, Bridgewater, Somerset, NJ	908-802-3564	jmconnell@hotmail.com	http://www.coldwellbnkrwrightrealest.com
Jina Briddick	38938 Park Blvd, Boston, Suffolk, MA	617-399-5124	jina_briddick@briddick.com	http://www.gracepastriesinc.com
Joanna Leinenbach	1 Washington St, Lake Worth, Palm Beach, FL	561-470-4574	joanna_leinenbach@hotmail.com	http://www.levinsonaxelrodwheaton.com
Joesph Degonia	2887 Knowlton St #5435, Berkeley, Alameda, CA	510-677-9785	joesph_degonia@degonia.org	http://www.arpackaging.com
Johnetta Abdallah	1088 Pinehurst St, Chapel Hill, Orange, NC	919-225-9345	johnetta_abdallah@aol.com	http://www.forgingspecialties.com
Johnna Engelberg	5 S Colorado Blvd #449, Bothell, Snohomish, WA	425-986-7573	jengelberg@engelberg.org	http://www.thriftyoilco.com
Jolanda Hanafan	37855 Nolan Rd, Bangor, Penobscot, ME	207-458-9196	jhanafan@gmail.com	http://www.perezjosephjesq.com
Jolene Ostolaza	1610 14th St Nw, Newport News, Newport News City, VA	757-682-7116	jolene@yahoo.com	http://www.centraldiecastingmfgcoinc.com
Joni Breland	35 E Main St #43, Elk Grove Village, Cook, IL	847-519-5906	joni_breland@cox.net	http://www.carriagehousecllsnrprinc.com
Jose Stockham	128 Bransten Rd, New York, New York, NY	212-675-8570	jose@yahoo.com	http://www.tristaterefuelerco.com
Joseph Cryer	60 Fillmore Ave, Huntington Beach, Orange, CA	714-584-2237	joseph_cryer@cox.net	http://www.amesstationers.com
Josephine Darakjy	4 B Blue Ridge Blvd, Brighton, Livingston, MI	810-292-9388	josephine_darakjy@darakjy.org	http://www.chanayjeffreyaesq.com
Josphine Villanueva	63 Smith Ln #8343, Moss, Clay, TN	931-553-9774	josphine_villanueva@villanueva.com	http://www.santacruzcommunityinternet.com
Jovita Oles	8 S Haven St, Daytona Beach, Volusia, FL	386-248-4118	joles@gmail.com	http://www.paganophilipgesq.com
Judy Aquas	8977 Connecticut Ave Nw #3, Niles, Berrien, MI	269-756-7222	jaquas@aquas.com	http://www.plantationrestaurant.com
Junita Brideau	6 S Broadway St, Cedar Grove, Essex, NJ	973-943-3423	jbrideau@aol.com	http://www.leonardsantiquesinc.com
Junita Stoltzman	94 W Dodge Rd, Carson City, Carson City, NV	775-638-9963	junita@aol.com	http://www.geonexmartelinc.com
Justine Ferrario	48 Stratford Ave, Pomona, Los Angeles, CA	909-993-3242	jferrario@hotmail.com	http://www.newhartfoodsinc.com
Justine Mugnolo	38062 E Main St, New York, New York, NY	212-304-9225	jmugnolo@yahoo.com	http://www.evansrulecompany.com
Jutta Amyot	49 N Mays St, Broussard, Lafayette, LA	337-515-1438	jamyot@hotmail.com	http://www.nationalmedicalexcesscorp.com
Kaitlyn Ogg	2 S Biscayne Blvd, Baltimore, Baltimore City, MD	410-665-4903	kaitlyn.ogg@gmail.com	http://www.garrisonpauleesq.com
Kallie Blackwood	701 S Harrison Rd, San Francisco, San Francisco, CA	415-315-2761	kallie.blackwood@gmail.com	http://www.rowleyschlimgeninc.com
Kanisha Waycott	5 Tomahawk Dr, Los Angeles, Los Angeles, CA	323-453-2780	kanisha_waycott@yahoo.com	http://www.schroergeneeesq.com
Karan Karpin	3 Elmwood Dr, Beaverton, Washington, OR	503-940-8327	karan_karpin@gmail.com	http://www.newenglandtaxidermy.com
Karl Klonowski	76 Brooks St #9, Flemington, Hunterdon, NJ	908-877-6135	karl_klonowski@yahoo.com	http://www.rossimichaelm.com
Kasandra Semidey	369 Latham St #500, Saint Louis, Saint Louis City, MO	314-732-9131	kasandra_semidey@semidey.com	http://www.cantron.com
Kate Keneipp	33 N Michigan Ave, Green Bay, Brown, WI	920-353-6377	kate_keneipp@yahoo.com	http://www.davismaxonresq.com
Kati Rulapaugh	6980 Dorsett Rd, Abilene, Dickinson, KS	785-463-7829	kati.rulapaugh@hotmail.com	http://www.ederassocsconsltngengrspc.com
Katina Polidori	5 Little River Tpke, Wilmington, Middlesex, MA	978-626-2978	katina_polidori@aol.com	http://www.capeassociatesrealestate.com
Kattie Vonasek	2845 Boulder Crescent St, Cleveland, Cuyahoga, OH	216-923-3715	kattie@vonasek.org	http://www.hacfarmlinescooptvassoc.com
Kayleigh Lace	43 Huey P Long Ave, Lafayette, Lafayette, LA	337-740-9323	kayleigh.lace@yahoo.com	http://www.dentalawdivsnhlthcare.com
Keneth Borgman	86350 Roszel Rd, Phoenix, Maricopa, AZ	602-919-4211	keneth@yahoo.com	http://www.centerlineengineering.com
Kenneth Grenet	2167 Sierra Rd, East Lansing, Ingham, MI	517-499-2322	kenneth.grenet@grenet.org	http://www.bankofnewyork.com
Kerry Theodorov	6916 W Main St, Sacramento, Sacramento, CA	916-591-3277	kerry.theodorov@gmail.com	http://www.capitolreporters.com
Kiley Caldarera	25 E 75th St #69, Los Angeles, Los Angeles, CA	310-498-5651	kiley.caldarera@aol.com	http://www.feinerbros.com
Kimberlie Duenas	8100 Jacksonville Rd #7, Hays, Ellis, KS	785-629-8542	kimberlie_duenas@yahoo.com	http://www.midcontntlrltypropmgmt.com
Kimbery Madarang	798 Lund Farm Way, Rockaway, Morris, NJ	973-310-1634	kimbery_madarang@cox.net	http://www.silbermanarthurlesq.com
Kirk Herritt	88 15th Ave Ne, Vestal, Broome, NY	607-407-3716	kirk.herritt@aol.com	http://www.hastinghduaneesq.com
Kris Marrier	228 Runamuck Pl #2808, Baltimore, Baltimore City, MD	410-655-8723	kris@gmail.com	http://www.kingchristopheraesq.com
Krissy Rauser	8728 S Broad St, Coram, Suffolk, NY	631-443-4710	krauser@cox.net	http://www.andersonmarkaesq.com
Kristeen Turinetti	70099 E North Ave, Arlington, Tarrant, TX	817-213-8851	kristeen@gmail.com	http://www.jeanerettemiddleschool.com
Kristel Ehmann	92899 Kalakaua Ave, El Paso, El Paso, TX	915-452-1290	kristel.ehmann@aol.com	http://www.mccoyjoyreynoldsesq.com
Kristofer Bennick	772 W River Dr, Bloomington, Monroe, IN	812-368-1511	kristofer.bennick@yahoo.com	http://www.loganronaldjesq.com
Lai Gato	37 Alabama Ave, Evanston, Cook, IL	847-728-7286	lai.gato@gato.org	http://www.fliggkennethijr.com
Lai Harabedian	1933 Packer Ave #2, Novato, Marin, CA	415-423-3294	lai@gmail.com	http://www.buergimaddenscale.com
Larae Gudroe	6651 Municipal Rd, Houma, Terrebonne, LA	985-890-7262	larae_gudroe@gmail.com	http://www.lehighfurndivsnlehigh.com
Lashandra Klang	810 N La Brea Ave, King of Prussia, Montgomery, PA	610-809-1818	lashandra@yahoo.com	http://www.acquagroup.com
Lashaunda Lizama	3387 Ryan Dr, Hanover, Anne Arundel, MD	410-678-2473	llizama@cox.net	http://www.earnhardtprinting.com
Lashawnda Stuer	7422 Martin Ave #8, Toledo, Lucas, OH	419-588-8719	lstuer@cox.net	http://www.rodriguezjchristopheresq.com
Lashon Vizarro	433 Westminster Blvd #590, Roseville, Placer, CA	916-741-7884	lashon@aol.com	http://www.sentrysigns.com
Laticia Merced	72 Mannix Dr, Cincinnati, Hamilton, OH	513-508-7371	lmerced@gmail.com	http://www.alinabalinc.com
Latrice Tolfree	81 Norris Ave #525, Ronkonkoma, Suffolk, NY	631-957-7624	latrice.tolfree@hotmail.com	http://www.unitedvanlinesagent.com
Lauran Burnard	66697 Park Pl #3224, Riverton, Fremont, WY	307-342-7795	lburnard@burnard.com	http://www.professionalsunlimited.com
Laurel Pagliuca	36 Enterprise St Se, Richland, Benton, WA	509-695-5199	laurel@yahoo.com	http://www.printingimagescorp.com
Laurel Reitler	6 Kains Ave, Baltimore, Baltimore City, MD	410-520-4832	laurel_reitler@reitler.com	http://www.qaservice.com
Lavera Perin	678 3rd Ave, Miami, Miami-Dade, FL	305-606-7291	lperin@perin.org	http://www.abcenterprisesinc.com
Lavonda Hengel	87 Imperial Ct #79, Fargo, Cass, ND	701-898-2154	lavonda@cox.net	http://www.bradleynameplatecorp.com
Lavonna Wolny	5 Cabot Rd, Mc Lean, Fairfax, VA	703-483-1970	lavonna.wolny@hotmail.com	http://www.linhareskennethaesq.com
Lawrence Lorens	9 Hwy, Providence, Providence, RI	401-465-6432	lawrence.lorens@hotmail.com	http://www.newenglandsecequipcoinc.com
Layla Springe	229 N Forty Driv, New York, New York, NY	212-260-3151	layla.springe@cox.net	http://www.chaddsfordwinery.com
Leatha Hagele	627 Walford Ave, Dallas, Dallas, TX	214-339-1809	lhagele@cox.net	http://www.ninasindiangrsvideos.com
Lemuel Latzke	70 Euclid Ave #722, Bohemia, Suffolk, NY	631-748-6479	lemuel.latzke@gmail.com	http://www.computerrepairservice.com
Lenna Newville	987 Main St, Raleigh, Wake, NC	919-623-2524	lnewville@newville.com	http://www.brooksmorrisjjr.com
Lenna Paprocki	639 Main St, Anchorage, Anchorage, AK	907-385-4412	lpaprocki@hotmail.com	http://www.feltzprintingservice.com
Leonida Gobern	5 Elmwood Park Blvd, Biloxi, Harrison, MS	228-235-5615	leonida@gobern.org	http://www.holmesarmsteadjesq.com
Leonora Mauson	3381 E 40th Ave, Passaic, Passaic, NJ	973-412-2995	leonora@yahoo.com	http://www.instyprints.com
Leota Dilliard	7 W Jackson Blvd, San Jose, Santa Clara, CA	408-752-3500	leota@hotmail.com	http://www.commercialpress.com
Leota Ragel	99 5th Ave #33, Trion, Chattooga, GA	706-221-4243	leota.ragel@gmail.com	http://www.mayarsilkinc.com
Leslie Threets	2 A Kelley Dr, Katonah, Westchester, NY	914-861-9748	leslie@cox.net	http://www.cwdcmetalfabricators.com
Lettie Isenhower	70 W Main St, Beachwood, Cuyahoga, OH	216-657-7668	lettie_isenhower@yahoo.com	http://www.contechristopheraesq.com
Levi Munis	2094 Ne 36th Ave, Worcester, Worcester, MA	508-456-4907	levi.munis@gmail.com	http://www.farrelljohnsonofficeequip.com
Lezlie Craghead	749 W 18th St #45, Smithfield, Johnston, NC	919-533-3762	lezlie.craghead@craghead.org	http://www.changcarolynesq.com
Ligia Reiber	206 Main St #2804, Lansing, Ingham, MI	517-906-1108	lreiber@cox.net	http://www.floralexpressions.com
Lili Paskin	20113 4th Ave E, Kearny, Hudson, NJ	201-431-2989	lili.paskin@cox.net	http://www.morgancustomhomes.com
Lilli Scriven	33 State St, Abilene, Taylor, TX	325-631-1560	lilli@aol.com	http://www.hunterjohnjesq.com
Lindsey Dilello	52777 Leaders Heights Rd, Ontario, San Bernardino, CA	909-639-9887	lindsey.dilello@hotmail.com	http://www.biltmoreinvestorsbank.com
Linn Paa	1 S Pine St, Memphis, Shelby, TN	901-412-4381	linn_paa@paa.com	http://www.valeriecompany.com
Lisha Centini	64 5th Ave #1153, Mc Lean, Fairfax, VA	703-235-3937	lisha@centini.org	http://www.industrialpapershreddersinc.com
Lizbeth Kohl	35433 Blake St #588, Gardena, Los Angeles, CA	310-699-1222	lizbeth@yahoo.com	http://www.etbalancingcoinc.com
Lizette Stem	501 N 19th Ave, Cherry Hill, Camden, NJ	856-487-5412	lizette.stem@aol.com	http://www.edwardskatz.com
Lonna Diestel	1482 College Ave, Fayetteville, Cumberland, NC	910-922-3672	lonna_diestel@gmail.com	http://www.dimmockthomasjesq.com
Lonny Weglarz	51120 State Route 18, Salt Lake City, Salt Lake, UT	801-293-9853	lonny_weglarz@gmail.com	http://www.historydivisionofstate.com
Lorean Martabano	85092 Southern Blvd, San Antonio, Bexar, TX	210-856-4979	lorean.martabano@hotmail.com	http://www.hiramhoggpesq.com
Loren Asar	6 Ridgewood Center Dr, Old Forge, Lackawanna, PA	570-648-3035	loren.asar@aol.com	http://www.olsenpaynecompany.com
Loreta Timenez	47857 Coney Island Ave, Clinton, Prince Georges, MD	301-696-6420	loreta.timenez@hotmail.com	http://www.kaminskikatherineandritsaki.com
Lorrie Nestle	39 S 7th St, Tullahoma, Coffee, TN	931-875-6644	lnestle@hotmail.com	http://www.ballardspahrandrews.com
Lorrine Worlds	8 Fair Lawn Ave, Tampa, Hillsborough, FL	813-769-2939	lorrine.worlds@worlds.com	http://www.longonicholasjesq.com
Louisa Cronauer	524 Louisiana Ave Nw, San Leandro, Alameda, CA	510-828-7047	louisa@cronauer.com	http://www.pacificgrovemuseumntrlhist.com
Louvenia Beech	598 43rd St, Beverly Hills, Los Angeles, CA	310-820-2117	louvenia.beech@beech.com	http://www.johnortizntstherapycenter.com
Lucina Lary	8597 W National Ave, Cocoa, Brevard, FL	321-749-4981	lucina_lary@cox.net	http://www.matriccianialbertjjr.com
Lucy Treston	57254 Brickell Ave #372, Worcester, Worcester, MA	508-769-5250	lucy@cox.net	http://www.franzinc.com
Luisa Jurney	25 Se 176th Pl, Cambridge, Middlesex, MA	617-365-2134	ljurney@hotmail.com	http://www.forestfirelaboratory.com
Lynelle Auber	32820 Corkwood Rd, Newark, Essex, NJ	973-860-8610	lynelle_auber@gmail.com	http://www.unitedcerebralpalsyofnepa.com
Ma Layous	78112 Morris Ave, North Haven, New Haven, CT	203-721-3388	mlayous@hotmail.com	http://www.developmentauthority.com
Maile Linahan	9 Plainsboro Rd #598, Greensboro, Guilford, NC	336-670-2640	mlinahan@yahoo.com	http://www.thompsonsteelcompanyinc.com
Malcolm Tromblay	747 Leonis Blvd, Annandale, Fairfax, VA	703-221-5602	malcolm_tromblay@cox.net	http://www.versatilesashwoodwork.com
Malinda Hochard	55 Riverside Ave, Indianapolis, Marion, IN	317-722-5066	malinda.hochard@yahoo.com	http://www.loganmemorialhospital.com
Margart Meisel	868 State St #38, Cincinnati, Hamilton, OH	513-617-2362	margart_meisel@yahoo.com	http://www.yeatesarthurlaia.com
Marge Limmel	189 Village Park Rd, Crestview, Okaloosa, FL	850-430-1663	marge@gmail.com	http://www.bjorkrobertdjr.com
Marguerita Hiatt	82 N Highway 67, Oakley, Contra Costa, CA	925-634-7158	marguerita.hiatt@gmail.com	http://www.habergeorgedmd.com
Mari Lueckenbach	1 Century Park E, San Diego, San Diego, CA	858-793-9684	mari_lueckenbach@yahoo.com	http://www.westbrooksnelsonejr.com
Mariann Bilden	3125 Packer Ave #9851, Austin, Travis, TX	512-223-4791	mariann.bilden@aol.com	http://www.hpgindustrysinc.com
Marjory Mastella	71 San Mateo Ave, Wayne, Delaware, PA	610-814-5533	mmastella@mastella.com	http://www.viconcorporation.com
Markus Lukasik	89 20th St E #779, Sterling Heights, Macomb, MI	586-970-7380	markus@yahoo.com	http://www.mmstorefixturescoinc.com
Marti Maybury	4 Warehouse Point Rd #7, Chicago, Cook, IL	773-775-4522	marti.maybury@yahoo.com	http://www.eldridgekristinkesq.com
Martina Staback	7 W Wabansia Ave #227, Orlando, Orange, FL	407-471-6908	martina_staback@staback.com	http://www.acesignsinc.com
Marvel Raymo	9 Vanowen St, College Station, Brazos, TX	979-718-8968	mraymo@yahoo.com	http://www.edisonsupplyequipmentco.com
Maryann Royster	74 S Westgate St, Albany, Albany, NY	518-966-7987	mroyster@royster.com	http://www.franklinpeterlesq.com
Matthew Neither	636 Commerce Dr #42, Shakopee, Scott, MN	952-651-7597	mneither@yahoo.com	http://www.americancouncilonscihlth.com
Mattie Poquette	73 State Road 434 E, Phoenix, Maricopa, AZ	602-277-4385	mattie@aol.com	http://www.centurycommunications.com
Maurine Yglesias	59 Shady Ln #53, Milwaukee, Milwaukee, WI	414-748-1374	maurine_yglesias@yglesias.com	http://www.schultzthomascmd.com
Meaghan Garufi	69734 E Carrillo St, Mc Minnville, Warren, TN	931-313-9635	meaghan@hotmail.com	http://www.boltonwilburesq.com
Melissa Wiklund	61 13 Stoneridge #835, Findlay, Hancock, OH	419-939-3613	melissa@cox.net	http://www.moapavalleyfederalcreditun.com
Melodie Knipp	326 E Main St #6496, Thousand Oaks, Ventura, CA	805-690-1682	mknipp@gmail.com	http://www.fleetwoodbuildingblockinc.com
Merilyn Bayless	195 13n N, Santa Clara, Santa Clara, CA	408-758-5015	merilyn_bayless@cox.net	http://www.printinginc.com
Merissa Tomblin	34 Raritan Center Pky, Bellflower, Los Angeles, CA	562-579-6900	merissa.tomblin@gmail.com	http://www.onedaysurgerycenterinc.com
Merlyn Lawler	4671 Alemany Blvd, Jersey City, Hudson, NJ	201-588-7810	merlyn_lawler@hotmail.com	http://www.nischwitzjeffreylesq.com
Micaela Rhymes	20932 Hedley St, Concord, Contra Costa, CA	925-647-3298	micaela_rhymes@gmail.com	http://www.hleeleonardattorneyatlaw.com
Minna Amigon	2371 Jerrold Ave, Kulpsville, Montgomery, PA	215-874-1229	minna_amigon@yahoo.com	http://www.dorljamesjesq.com
Mireya Frerking	8429 Miller Rd, Pelham, Westchester, NY	914-868-5965	mireya.frerking@hotmail.com	http://www.robertssupplycoinc.com
Mirta Mallett	7 S San Marcos Rd, New York, New York, NY	212-870-1286	mirta_mallett@gmail.com	http://www.stephenkennerlyarchtsincpc.com
Mitsue Scipione	77 222 Dr, Oroville, Butte, CA	530-986-9272	mscipione@scipione.com	http://www.studentsinfreeentrprsnatl.com
Mitsue Tollner	7 Eads St, Chicago, Cook, IL	773-573-6914	mitsue_tollner@yahoo.com	http://www.morlongassociates.com
Mitzie Hudnall	17 Jersey Ave, Englewood, Arapahoe, CO	303-402-1940	mitzie_hudnall@yahoo.com	http://www.cangrotransmissionco.com
Mollie Mcdoniel	8590 Lake Lizzie Dr, Bowling Green, Wood, OH	419-975-3182	mollie_mcdoniel@yahoo.com	http://www.docksealspecialty.com
Mona Delasancha	38773 Gravois Ave, Cheyenne, Laramie, WY	307-403-1488	mdelasancha@hotmail.com	http://www.signall.com
Moon Parlato	74989 Brandon St, Wellsville, Allegany, NY	585-866-8313	moon@yahoo.com	http://www.ambelangjessicammd.com
Mozell Pelkowski	577 Parade St, South San Francisco, San Mateo, CA	650-947-1215	mpelkowski@pelkowski.org	http://www.winshipbyrne.com
My Rantanen	8 Mcarthur Ln, Richboro, Bucks, PA	215-491-5633	my@hotmail.com	http://www.boscopaulj.com
Myra Munns	461 Prospect Pl #316, Euless, Tarrant, TX	817-914-7518	mmunns@cox.net	http://www.ankerlawoffice.com
Nan Koppinger	88827 Frankford Ave, Greensboro, Guilford, NC	336-370-5333	nan@koppinger.com	http://www.shimotanigracet.com
Nana Wrinkles	6 Van Buren St, Mount Vernon, Westchester, NY	914-855-2115	nana@aol.com	http://www.raymilbernd.com
Natalie Fern	7140 University Ave, Rock Springs, Sweetwater, WY	307-704-8713	natalie.fern@hotmail.com	http://www.kellycharlesgesq.com
Nelida Sawchuk	3 State Route 35 S, Paramus, Bergen, NJ	201-971-1638	nelida@gmail.com	http://www.anchoragemuseumofhistart.com
Nichelle Meteer	72 Beechwood Ter, Chicago, Cook, IL	773-225-9985	nichelle_meteer@meteer.com	http://www.printdoctor.com
Nickolas Juvera	177 S Rider Trl #52, Crystal River, Citrus, FL	352-598-8301	nickolas_juvera@cox.net	http://www.unitedoilcoinc.com
Nicolette Brossart	1 Midway Rd, Westborough, Worcester, MA	508-837-9230	nicolette_brossart@brossart.com	http://www.gouldspumpsincslurrypump.com
Nieves Gotter	4940 Pulaski Park Dr, Portland, Multnomah, OR	503-527-5274	nieves_gotter@gmail.com	http://www.vlahosjohnjesq.com
Noah Kalafatis	1950 5th Ave, Milwaukee, Milwaukee, WI	414-263-5287	noah.kalafatis@aol.com	http://www.twiggsabramsblanchard.com
Nobuko Halsey	8139 I Hwy 10 #92, New Bedford, Bristol, MA	508-855-9887	nobuko.halsey@yahoo.com	http://www.goemanwoodproductsinc.com
Norah Waymire	6 Middlegate Rd #106, San Francisco, San Francisco, CA	415-306-7897	norah.waymire@gmail.com	http://www.carmichaeljefferylesq.com
Novella Degroot	303 N Radcliffe St, Hilo, Hawaii, HI	808-477-4775	novella_degroot@degroot.org	http://www.evansckellyesq.com
Nu Mcnease	88 Sw 28th Ter, Harrison, Hudson, NJ	973-751-9003	nu@gmail.com	http://www.amazoniafilmproject.com
Olive Matuszak	13252 Lighthouse Ave, Cathedral City, Riverside, CA	760-938-6069	olive@aol.com	http://www.colonypaintssalesofcplnt.com
Oretha Menter	8 County Center Dr #647, Boston, Suffolk, MA	617-418-5043	oretha_menter@yahoo.com	http://www.customengineeringinc.com
Ozell Shealy	8 Industry Ln, New York, New York, NY	212-332-8435	oshealy@hotmail.com	http://www.silverbrosinc.com
Pamella Fortino	669 Packerland Dr #1438, Denver, Denver, CO	303-404-2210	pamella@fortino.com	http://www.supermotel.com
Pamella Schmierer	5161 Dorsett Rd, Homestead, Miami-Dade, FL	305-420-8970	pamella.schmierer@schmierer.org	http://www.kcscstmmouldingswindows.com
Paris Wide	187 Market St, Atlanta, Fulton, GA	404-505-4445	paris@hotmail.com	http://www.gehringpumpsinc.com
Paz Sahagun	919 Wall Blvd, Meridian, Lauderdale, MS	601-927-8287	paz_sahagun@cox.net	http://www.whitesigndivctrlequipco.com
Peggie Sturiale	9 N 14th St, El Cajon, San Diego, CA	619-608-1763	peggie@cox.net	http://www.henrycountymiddleschool.com
Penney Weight	18 Fountain St, Anchorage, Anchorage, AK	907-797-9628	penney_weight@aol.com	http://www.hawaiiankinghotel.com
Pete Dubaldi	2215 Prosperity Dr, Lyndhurst, Bergen, NJ	201-825-2514	pdubaldi@hotmail.com	http://www.womackgalich.com
Portia Stimmel	3732 Sherman Ave, Bridgewater, Somerset, NJ	908-722-7128	portia.stimmel@aol.com	http://www.peacechristiancenter.com
Quentin Birkner	7061 N 2nd St, Burnsville, Dakota, MN	952-702-7993	qbirkner@aol.com	http://www.spoorbehrinscampbellyoung.com
Quentin Swayze	278 Bayview Ave, Milan, Monroe, MI	734-561-6170	quentin_swayze@yahoo.com	http://www.ulbrichtrucking.com
Raina Brachle	3829 Ventura Blvd, Butte, Silver Bow, MT	406-318-1515	raina.brachle@brachle.org	http://www.ikgbordendivsnharscocorp.com
Rasheeda Sayaphon	251 Park Ave #979, Saratoga, Santa Clara, CA	408-805-4309	rasheeda@aol.com	http://www.kummererjmichaelesq.com
Raul Upthegrove	4 E Colonial Dr, La Mesa, San Diego, CA	619-509-5282	rupthegrove@yahoo.com	http://www.neeleygregorywesq.com
Raylene Kampa	2 Sw Nyberg Rd, Elkhart, Elkhart, IN	574-499-1454	rkampa@kampa.org	http://www.hermarinc.com
Raymon Calvaresi	6538 E Pomona St #60, Indianapolis, Marion, IN	317-825-4724	raymon.calvaresi@gmail.com	http://www.seaboardsecuritiesinc.com
Rebecka Gesick	2026 N Plankinton Ave #3, Austin, Travis, TX	512-213-8574	rgesick@gesick.org	http://www.polykoteinc.com
Reena Maisto	9648 S Main, Salisbury, Wicomico, MD	410-351-1863	reena@hotmail.com	http://www.lanepromotions.com
Refugia Jacobos	2184 Worth St, Hayward, Alameda, CA	510-974-8671	refugia.jacobos@jacobos.com	http://www.northcentralflsftycncl.com
Regenia Kannady	10759 Main St, Scottsdale, Maricopa, AZ	480-726-1280	regenia.kannady@cox.net	http://www.kenjeterstoreequipmentinc.com
Reita Leto	55262 N French Rd, Indianapolis, Marion, IN	317-234-1135	reita.leto@gmail.com	http://www.creativebusinesssystems.com
Renea Monterrubio	26 Montgomery St, Atlanta, Fulton, GA	770-679-4752	renea@hotmail.com	http://www.wmmtradiostation.com
Ressie Auffrey	23 Palo Alto Sq, Miami, Miami-Dade, FL	305-604-8981	ressie.auffrey@yahoo.com	http://www.fawjamesccpa.com
Rhea Aredondo	25657 Live Oak St, Brooklyn, Kings, NY	718-560-9537	rhea_aredondo@cox.net	http://www.doublebfoodsinc.com
Rickie Plumer	3 N Groesbeck Hwy, Toledo, Lucas, OH	419-693-1334	rickie.plumer@aol.com	http://www.merrilllynch.com
Rikki Nayar	1644 Clove Rd, Miami, Miami-Dade, FL	305-968-9487	rikki@nayar.com	http://www.targankievitpa.com
Rima Bevelacqua	2972 Lafayette Ave, Gardena, Los Angeles, CA	310-858-5079	rima@cox.net	http://www.mcauleymfgco.com
Rodolfo Butzen	41 Steel Ct, Northfield, Rice, MN	507-210-3510	rodolfo@hotmail.com	http://www.minorcynthiaaesq.com
Rolande Spickerman	65 W Maple Ave, Pearl City, Honolulu, HI	808-315-3077	rolande.spickerman@spickerman.com	http://www.nelandtravelagency.com
Rolland Francescon	2726 Charcot Ave, Paterson, Passaic, NJ	973-649-2922	rolland@cox.net	http://www.stanleyrichardlesq.com
Ronny Caiafa	73 Southern Blvd, Philadelphia, Philadelphia, PA	215-605-7570	ronny.caiafa@caiafa.org	http://www.remacoinc.com
Roosevelt Hoffis	60 Old Dover Rd, Hialeah, Miami-Dade, FL	305-622-4739	roosevelt.hoffis@aol.com	http://www.denbrookmyron.com
Rory Papasergi	83 County Road 437 #8581, Clarks Summit, Lackawanna, PA	570-867-7489	rpapasergi@cox.net	http://www.baileycntlcodivbabcock.com
Roselle Estell	8116 Mount Vernon Ave, Bucyrus, Crawford, OH	419-571-5920	roselle.estell@hotmail.com	http://www.mcglynnblisspc.com
Rosio Cork	4 10th St W, High Point, Guilford, NC	336-243-5659	rosio.cork@gmail.com	http://www.greengoddess.com
Roslyn Chavous	63517 Dupont St, Jackson, Hinds, MS	601-234-9632	roslyn.chavous@chavous.org	http://www.mcraejamesl.com
Roxane Campain	1048 Main St, Fairbanks, Fairbanks North Star, AK	907-231-4722	roxane@hotmail.com	http://www.rapidtradingintl.com
Rozella Ostrosky	17 Morena Blvd, Camarillo, Ventura, CA	805-832-6163	rozella.ostrosky@ostrosky.com	http://www.parkwaycompany.com
Ruthann Keener	3424 29th St Se, Kerrville, Kerr, TX	830-258-2769	ruthann@hotmail.com	http://www.maidencraftinc.com
Ryan Harnos	13 Gunnison St, Plano, Collin, TX	972-558-1665	ryan@cox.net	http://www.warnerelectricbrkcltchco.com
Sabra Uyetake	98839 Hawthorne Blvd #6101, Columbia, Richland, SC	803-925-5213	sabra@uyetake.org	http://www.lowylimousineservice.com
Sage Wieser	5 Boston Ave #88, Sioux Falls, Minnehaha, SD	605-414-2147	sage_wieser@cox.net	http://www.truhlarandtruhlarattys.com
Salena Karpel	1 Garfield Ave #7, Canton, Stark, OH	330-791-8557	skarpel@cox.net	http://www.hammillmfgco.com
Salome Lacovara	9677 Commerce Dr, Richmond, Richmond City, VA	804-550-5097	slacovara@gmail.com	http://www.mitsumielectronicscorp.com
Samira Heintzman	8772 Old County Rd #5410, Kent, King, WA	206-311-4137	sheintzman@hotmail.com	http://www.mutualfishco.com
Sarah Candlish	45 2nd Ave #9759, Atlanta, Fulton, GA	770-732-1194	sarah.candlish@gmail.com	http://www.alabamaeducationaltvcomm.com
Scarlet Cartan	9390 S Howell Ave, Albany, Dougherty, GA	229-735-3378	scarlet.cartan@yahoo.com	http://www.boxjcalvinesq.com
Selma Husser	9 State Highway 57 #22, Jersey City, Hudson, NJ	201-991-8369	selma.husser@cox.net	http://www.armoncommunications.com
Serina Zagen	7 S Beverly Dr, Fort Wayne, Allen, IN	260-273-3725	szagen@aol.com	http://www.markiiimportsinc.com
Shalon Shadrick	61047 Mayfield Ave, Brooklyn, Kings, NY	718-232-2337	shalon@cox.net	http://www.germerandgertzllp.com
Sharee Maile	2094 Montour Blvd, Muskegon, Muskegon, MI	231-467-9978	sharee_maile@aol.com	http://www.holidayinnnaperville.com
Sharen Bourbon	62 W Austin St, Syosset, Nassau, NY	516-816-1541	sbourbon@yahoo.com	http://www.mccalebjohnaesq.com
Sharika Eanes	75698 N Fiesta Blvd, Orlando, Orange, FL	407-312-1691	sharika.eanes@aol.com	http://www.maccanidelp.com
Shawna Palaspas	5 N Cleveland Massillon Rd, Thousand Oaks, Ventura, CA	805-275-3566	shawna_palaspas@palaspas.org	http://www.windsorjameslesq.com
Shawnda Yori	50126 N Plankinton Ave, Longwood, Seminole, FL	407-538-5106	shawnda.yori@yahoo.com	http://www.fioruccifoodsusainc.com
Shenika Seewald	4 Otis St, Van Nuys, Los Angeles, CA	818-423-4007	shenika@gmail.com	http://www.eastcoastmarketing.com
Sheridan Zane	2409 Alabama Rd, Riverside, Riverside, CA	951-645-3605	sheridan.zane@zane.com	http://www.kentuckytennesseeclayco.com
Sherita Saras	8 Us Highway 22, Colorado Springs, El Paso, CO	719-669-1664	sherita.saras@cox.net	http://www.blackhistoryresourcecenter.com
Sheron Louissant	97 E 3rd St #9, Long Island City, Queens, NY	718-976-8610	sheron@aol.com	http://www.potterbrendajcpa.com
Shonda Greenbush	82 Us Highway 46, Clifton, Passaic, NJ	973-482-2430	shonda_greenbush@cox.net	http://www.saintgeorgewelldrilling.com
Simona Morasca	3 Mcauley Dr, Ashland, Ashland, OH	419-503-2484	simona@morasca.com	http://www.chapmanrosseesq.com
Skye Fillingim	25 Minters Chapel Rd #9, Minneapolis, Hennepin, MN	612-508-2655	skye_fillingim@yahoo.com	http://www.rodewayinn.com
Solange Shinko	426 Wolf St, Metairie, Jefferson, LA	504-979-9175	solange@shinko.com	http://www.mosoccoronalda.com
Staci Schmaltz	18 Coronado Ave #563, Pasadena, Los Angeles, CA	626-866-2339	staci_schmaltz@aol.com	http://www.midwestcontractingmfginc.com
Stephaine Barfield	47154 Whipple Ave Nw, Gardena, Los Angeles, CA	310-774-7643	stephaine@barfield.com	http://www.beutelschiescompany.com
Stephaine Vinning	3717 Hamann Industrial Pky, San Francisco, San Francisco, CA	415-767-6596	stephaine@cox.net	http://www.biritefoodservicedistr.com
Stephane Myricks	9 Tower Ave, Burlington, Boone, KY	859-717-7638	stephane_myricks@cox.net	http://www.portlandcentralthriftlodge.com
Stephen Emigh	3777 E Richmond St #900, Akron, Summit, OH	330-537-5358	stephen_emigh@hotmail.com	http://www.sharpjdanielesq.com
Stevie Westerbeck	26659 N 13th St, Costa Mesa, Orange, CA	949-867-4077	stevie.westerbeck@yahoo.com	http://www.wisedenniswmd.com
Sue Kownacki	2 Se 3rd Ave, Mesquite, Dallas, TX	972-666-3413	sue@aol.com	http://www.junochefsincorporated.com
Sylvia Cousey	287 Youngstown Warren Rd, Hampstead, Carroll, MD	410-209-9545	sylvia_cousey@cousey.org	http://www.bergcharlese.com
Sylvie Ryser	649 Tulane Ave, Tulsa, Tulsa, OK	918-644-9555	sylvie@aol.com	http://www.millersmarketdeli.com
Talia Riopelle	1 N Harlem Ave #9, Orange, Essex, NJ	973-245-2133	talia_riopelle@aol.com	http://www.fordbrotherswholesaleinc.com
Tamar Hoogland	2737 Pistorio Rd #9230, London, Madison, OH	740-343-8575	tamar@hotmail.com	http://www.akconstructionco.com
Tammara Wardrip	4800 Black Horse Pike, Burlingame, San Mateo, CA	650-803-1936	twardrip@cox.net	http://www.jewelmyshopinc.com
Tarra Nachor	39 Moccasin Dr, San Francisco, San Francisco, CA	415-411-1775	tarra.nachor@cox.net	http://www.circuitsolutioninc.com
Taryn Moyd	48 Lenox St, Fairfax, Fairfax City, VA	703-322-4041	taryn.moyd@hotmail.com	http://www.siskinmarkjesq.com
Tasia Andreason	4 Cowesett Ave, Kearny, Hudson, NJ	201-920-9002	tasia_andreason@yahoo.com	http://www.campbellroberta.com
Tawna Buvens	3305 Nabell Ave #679, New York, New York, NY	212-674-9610	tawna@gmail.com	http://www.hhhenterprisesinc.com
Teddy Pedrozo	46314 Route 130, Bridgeport, Fairfield, CT	203-892-3863	teddy_pedrozo@aol.com	http://www.barkannealjesq.com
Tegan Arceo	62260 Park Stre, Monroe Township, Middlesex, NJ	732-730-2692	tegan.arceo@arceo.org	http://www.ceramictilesalesinc.com
Teri Ennaco	99 Tank Farm Rd, Hazleton, Luzerne, PA	570-889-5187	tennaco@gmail.com	http://www.publishersgroupwest.com
Terrilyn Rodeigues	3718 S Main St, New Orleans, Orleans, LA	504-463-4384	terrilyn.rodeigues@cox.net	http://www.stuartjagins.com
Thaddeus Ankeny	5 Washington St #1, Roseville, Placer, CA	916-920-3571	tankeny@ankeny.org	http://www.atccontracting.com
Theodora Restrepo	42744 Hamann Industrial Pky #82, Miami, Miami-Dade, FL	305-936-8226	theodora.restrepo@restrepo.com	http://www.kleripatriciasesq.com
Theola Frey	54169 N Main St, Massapequa, Nassau, NY	516-948-5768	theola_frey@frey.com	http://www.woodbridgefreepubliclibrary.com
Thurman Manno	9387 Charcot Ave, Absecon, Atlantic, NJ	609-524-3586	thurman.manno@yahoo.com	http://www.honeybeebreedinggenetics.com
Tiera Frankel	87 Sierra Rd, El Monte, Los Angeles, CA	626-636-4117	tfrankel@aol.com	http://www.rolandashcroft.com
Tiffiny Steffensmeier	32860 Sierra Rd, Miami, Miami-Dade, FL	305-385-9695	tiffiny_steffensmeier@cox.net	http://www.whitehallrobbinslabsdivsn.com
Timothy Mulqueen	44 W 4th St, Staten Island, Richmond, NY	718-332-6527	timothy_mulqueen@mulqueen.org	http://www.saronixnymphproducts.com
Tonette Wenner	4545 Courthouse Rd, Westbury, Nassau, NY	516-968-6051	twenner@aol.com	http://www.northwestpublishing.com
Tracey Modzelewski	77132 Coon Rapids Blvd Nw, Conroe, Montgomery, TX	936-264-9294	tracey@hotmail.com	http://www.kansascityinsurancereport.com
Tresa Sweely	22 Bridle Ln, Valley Park, Saint Louis, MO	314-359-9566	tresa_sweely@hotmail.com	http://www.graysongrantsesq.com
Trinidad Mcrae	10276 Brooks St, San Francisco, San Francisco, CA	415-331-9634	trinidad_mcrae@yahoo.com	http://www.wateroffice.com
Truman Feichtner	539 Coldwater Canyon Ave, Bloomfield, Essex, NJ	973-852-2736	tfeichtner@yahoo.com	http://www.legalsearchinc.com
Twana Felger	1 Commerce Way, Portland, Washington, OR	503-939-3153	twana.felger@felger.org	http://www.oprylandhotel.com
Ty Smith	4646 Kaahumanu St, Hackensack, Bergen, NJ	201-672-1553	tsmith@aol.com	http://www.breslereitelframggllryltd.com
Tyra Shields	3 Fort Worth Ave, Philadelphia, Philadelphia, PA	215-255-1641	tshields@gmail.com	http://www.assinkannehesq.com
Valentin Klimek	137 Pioneer Way, Chicago, Cook, IL	312-303-5453	vklimek@klimek.org	http://www.schmidgayannekesq.com
Valentine Gillian	775 W 17th St, San Antonio, Bexar, TX	210-812-9597	valentine_gillian@gmail.com	http://www.fbsbusinessfinance.com
Vallie Mondella	74 W College St, Boise, Ada, ID	208-862-5339	vmondella@mondella.com	http://www.privateproperties.com
Van Shire	90131 J St, Pittstown, Hunterdon, NJ	908-409-2890	van.shire@shire.com	http://www.cambridgeinn.com
Venita Maillard	72119 S Walker Ave #63, Anaheim, Orange, CA	714-523-6653	venita_maillard@gmail.com	http://www.wallacechurchassocinc.com
Veronika Inouye	6 Greenleaf Ave, San Jose, Santa Clara, CA	408-540-1785	vinouye@aol.com	http://www.cnetworkinc.com
Vi Rentfro	7163 W Clark Rd, Freehold, Monmouth, NJ	732-605-4781	vrentfro@cox.net	http://www.videoworkshop.com
Vilma Berlanga	79 S Howell Ave, Grand Rapids, Kent, MI	616-737-3085	vberlanga@berlanga.com	http://www.wellsdfredesq.com
Vincent Meinerding	4441 Point Term Mkt, Philadelphia, Philadelphia, PA	215-372-1718	vincent.meinerding@hotmail.com	http://www.arturipeterdesq.com
Vincenza Zepp	395 S 6th St #2, El Cajon, San Diego, CA	619-603-5125	vzepp@gmail.com	http://www.kboram.com
Viola Bitsuie	70 Mechanic St, Northridge, Los Angeles, CA	818-864-4875	viola@gmail.com	http://www.burtondavis.com
Virgie Kiel	76598 Rd  I 95 #1, Denver, Denver, CO	303-776-7548	vkiel@hotmail.com	http://www.cullenterrencepesq.com
Virgina Tegarden	755 Harbor Way, Milwaukee, Milwaukee, WI	414-214-8697	virgina_tegarden@tegarden.com	http://www.berhanuinternationalfoods.com
Viva Toelkes	4284 Dorigo Ln, Chicago, Cook, IL	773-446-5569	viva.toelkes@gmail.com	http://www.markivpressltd.com
Weldon Acuff	73 W Barstow Ave, Arlington Heights, Cook, IL	847-353-2156	wacuff@gmail.com	http://www.advantagemartgagecompany.com
Whitley Tomasulo	2 S 15th St, Fort Worth, Tarrant, TX	817-526-4408	whitley.tomasulo@aol.com	http://www.freeholdfenceco.com
Wilda Giguere	1747 Calle Amanecer #2, Anchorage, Anchorage, AK	907-870-5536	wilda@cox.net	http://www.mclaughlinlutherwcpa.com
Willard Kolmetz	618 W Yakima Ave, Irving, Dallas, TX	972-303-9197	willard@hotmail.com	http://www.ingallsdonaldresq.com
Willodean Konopacki	55 Hawthorne Blvd, Lafayette, Lafayette, LA	337-253-8384	willodean_konopacki@konopacki.org	http://www.magnuson.com
Willow Kusko	90991 Thorburn Ave, New York, New York, NY	212-582-4976	wkusko@yahoo.com	http://www.upullit.com
Winfred Brucato	201 Ridgewood Rd, Moscow, Latah, ID	208-252-4552	winfred_brucato@hotmail.com	http://www.glenridgemanormobilehomepk.com
Wynell Dorshorst	94290 S Buchanan St, Pacifica, San Mateo, CA	650-473-1262	wynell_dorshorst@dorshorst.org	http://www.haehnelcraigwesq.com
Xochitl Discipio	3158 Runamuck Pl, Round Rock, Williamson, TX	512-233-1831	xdiscipio@gmail.com	http://www.ravaalenterprisesinc.com
Xuan Rochin	2 Monroe St, San Mateo, San Mateo, CA	650-933-5072	xuan@gmail.com	http://www.caroldrakesparksesq.com
Yoko Fishburne	9122 Carpenter Ave, New Haven, New Haven, CT	203-506-4706	yoko@fishburne.com	http://www.samscornerstore.com
Yolando Luczki	422 E 21st St, Syracuse, Onondaga, NY	315-304-4759	yolando@cox.net	http://www.daltilecorporation.com
Youlanda Schemmer	2881 Lewis Rd, Prineville, Crook, OR	541-548-8197	youlanda@aol.com	http://www.trimtoolinc.com
Yuki Whobrey	1 State Route 27, Taylor, Wayne, MI	313-288-7937	yuki_whobrey@aol.com	http://www.farmersinsurancegroup.com
Yvonne Tjepkema	9 Waydell St, Fairfield, Essex, NJ	973-714-1721	yvonne.tjepkema@hotmail.com	http://www.radiocommunicationsco.com
Zona Colla	49440 Dearborn St, Norwalk, Fairfield, CT	203-461-1949	zona@hotmail.com	http://www.soloverobertaesq.com
